<?xml version="1.0" encoding="UTF-8"?>
<module xmlns="urn:jboss:module:1.0" name="db2.jdbc">
	<resources>
		<resource-root path="db2jcc4.jar"/>
		<resource-root path="db2jcc4_license_cu.jar"/>
		<resource-root path="db2jcc4_license_cisuz.jar"/>
		
		<resource-root path="db2jcc.jar"/>
		<resource-root path="db2jcc_license_cu.jar"/>
		<resource-root path="db2jcc_license_cisuz.jar"/>
	</resources>
	<dependencies>
		<module name="javax.api"/>
		<module name="javax.transaction.api"/>
		<module name="sun.jdk"/>
	</dependencies>
</module>
